Country Name,Country Code,Series Name,Series Code,2010 [YR2010]
Afghanistan,AFG,Carbon dioxide (CO2) emissions (total) excluding LULUCF (Mt CO2e),EN.GHG.CO2.MT.CE.AR5,7.8684
Afghanistan,AFG,GDP (constant 2015 US$),NY.GDP.MKTP.KD,15354612541.5059
Afghanistan,AFG,"Population, total",SP.POP.TOTL,28284089
Albania,ALB,Carbon dioxide (CO2) emissions (total) excluding LULUCF (Mt CO2e),EN.GHG.CO2.MT.CE.AR5,4.567
Albania,ALB,GDP (constant 2015 US$),NY.GDP.MKTP.KD,10428102872.2706
Albania,ALB,"Population, total",SP.POP.TOTL,2913021
Algeria,DZA,Carbon dioxide (CO2) emissions (total) excluding LULUCF (Mt CO2e),EN.GHG.CO2.MT.CE.AR5,118.6168
Algeria,DZA,GDP (constant 2015 US$),NY.GDP.MKTP.KD,161276864361.482
Algeria,DZA,"Population, total",SP.POP.TOTL,36188236
American Samoa,ASM,Carbon dioxide (CO2) emissions (total) excluding LULUCF (Mt CO2e),EN.GHG.CO2.MT.CE.AR5,0.0001
American Samoa,ASM,GDP (constant 2015 US$),NY.GDP.MKTP.KD,687384732.824428
American Samoa,ASM,"Population, total",SP.POP.TOTL,55228
Andorra,AND,Carbon dioxide (CO2) emissions (total) excluding LULUCF (Mt CO2e),EN.GHG.CO2.MT.CE.AR5,..
Andorra,AND,GDP (constant 2015 US$),NY.GDP.MKTP.KD,2927794279.37554
Andorra,AND,"Population, total",SP.POP.TOTL,80706
Angola,AGO,Carbon dioxide (CO2) emissions (total) excluding LULUCF (Mt CO2e),EN.GHG.CO2.MT.CE.AR5,22.7399
Angola,AGO,GDP (constant 2015 US$),NY.GDP.MKTP.KD,82482120582.925
Angola,AGO,"Population, total",SP.POP.TOTL,23294825
Antigua and Barbuda,ATG,Carbon dioxide (CO2) emissions (total) excluding LULUCF (Mt CO2e),EN.GHG.CO2.MT.CE.AR5,0.2789
Antigua and Barbuda,ATG,GDP (constant 2015 US$),NY.GDP.MKTP.KD,1376672104.84443
Antigua and Barbuda,ATG,"Population, total",SP.POP.TOTL,85320
Argentina,ARG,Carbon dioxide (CO2) emissions (total) excluding LULUCF (Mt CO2e),EN.GHG.CO2.MT.CE.AR5,177.3162
Argentina,ARG,GDP (constant 2015 US$),NY.GDP.MKTP.KD,552738161802.463
Argentina,ARG,"Population, total",SP.POP.TOTL,41288694
Armenia,ARM,Carbon dioxide (CO2) emissions (total) excluding LULUCF (Mt CO2e),EN.GHG.CO2.MT.CE.AR5,4.2991
Armenia,ARM,GDP (constant 2015 US$),NY.GDP.MKTP.KD,8513508751.09706
Armenia,ARM,"Population, total",SP.POP.TOTL,3044800
Aruba,ABW,Carbon dioxide (CO2) emissions (total) excluding LULUCF (Mt CO2e),EN.GHG.CO2.MT.CE.AR5,0.4828
Aruba,ABW,GDP (constant 2015 US$),NY.GDP.MKTP.KD,2589660712.61171
Aruba,ABW,"Population, total",SP.POP.TOTL,101838
Australia,AUS,Carbon dioxide (CO2) emissions (total) excluding LULUCF (Mt CO2e),EN.GHG.CO2.MT.CE.AR5,415.3195
Australia,AUS,GDP (constant 2015 US$),NY.GDP.MKTP.KD,1184610839239.74
Australia,AUS,"Population, total",SP.POP.TOTL,22031750
Austria,AUT,Carbon dioxide (CO2) emissions (total) excluding LULUCF (Mt CO2e),EN.GHG.CO2.MT.CE.AR5,73.7998
Austria,AUT,GDP (constant 2015 US$),NY.GDP.MKTP.KD,359922497999.326
Austria,AUT,"Population, total",SP.POP.TOTL,8363404
Azerbaijan,AZE,Carbon dioxide (CO2) emissions (total) excluding LULUCF (Mt CO2e),EN.GHG.CO2.MT.CE.AR5,26.6362
Azerbaijan,AZE,GDP (constant 2015 US$),NY.GDP.MKTP.KD,47988959988.6111
Azerbaijan,AZE,"Population, total",SP.POP.TOTL,9054332
"Bahamas, The",BHS,Carbon dioxide (CO2) emissions (total) excluding LULUCF (Mt CO2e),EN.GHG.CO2.MT.CE.AR5,1.283
"Bahamas, The",BHS,GDP (constant 2015 US$),NY.GDP.MKTP.KD,11265931761.9405
"Bahamas, The",BHS,"Population, total",SP.POP.TOTL,367478
Bahrain,BHR,Carbon dioxide (CO2) emissions (total) excluding LULUCF (Mt CO2e),EN.GHG.CO2.MT.CE.AR5,28.8353
Bahrain,BHR,GDP (constant 2015 US$),NY.GDP.MKTP.KD,27303230073.1892
Bahrain,BHR,"Population, total",SP.POP.TOTL,1228543
Bangladesh,BGD,Carbon dioxide (CO2) emissions (total) excluding LULUCF (Mt CO2e),EN.GHG.CO2.MT.CE.AR5,60.7693
Bangladesh,BGD,GDP (constant 2015 US$),NY.GDP.MKTP.KD,143627564998.204
Bangladesh,BGD,"Population, total",SP.POP.TOTL,152201981
Barbados,BRB,Carbon dioxide (CO2) emissions (total) excluding LULUCF (Mt CO2e),EN.GHG.CO2.MT.CE.AR5,0.8204
Barbados,BRB,GDP (constant 2015 US$),NY.GDP.MKTP.KD,6050442244.32578
Barbados,BRB,"Population, total",SP.POP.TOTL,275243
Belarus,BLR,Carbon dioxide (CO2) emissions (total) excluding LULUCF (Mt CO2e),EN.GHG.CO2.MT.CE.AR5,66.1204
Belarus,BLR,GDP (constant 2015 US$),NY.GDP.MKTP.KD,53262115569.3291
Belarus,BLR,"Population, total",SP.POP.TOTL,9483836
Belgium,BEL,Carbon dioxide (CO2) emissions (total) excluding LULUCF (Mt CO2e),EN.GHG.CO2.MT.CE.AR5,114.9031
Belgium,BEL,GDP (constant 2015 US$),NY.GDP.MKTP.KD,435731531598.616
Belgium,BEL,"Population, total",SP.POP.TOTL,10895586
Belize,BLZ,Carbon dioxide (CO2) emissions (total) excluding LULUCF (Mt CO2e),EN.GHG.CO2.MT.CE.AR5,0.2333
Belize,BLZ,GDP (constant 2015 US$),NY.GDP.MKTP.KD,1901536024.42607
Belize,BLZ,"Population, total",SP.POP.TOTL,320245
Benin,BEN,Carbon dioxide (CO2) emissions (total) excluding LULUCF (Mt CO2e),EN.GHG.CO2.MT.CE.AR5,5.0815
Benin,BEN,GDP (constant 2015 US$),NY.GDP.MKTP.KD,9094481753.64081
Benin,BEN,"Population, total",SP.POP.TOTL,9797484
Bermuda,BMU,Carbon dioxide (CO2) emissions (total) excluding LULUCF (Mt CO2e),EN.GHG.CO2.MT.CE.AR5,0.309
Bermuda,BMU,GDP (constant 2015 US$),NY.GDP.MKTP.KD,7543950875.42882
Bermuda,BMU,"Population, total",SP.POP.TOTL,63725
Bhutan,BTN,Carbon dioxide (CO2) emissions (total) excluding LULUCF (Mt CO2e),EN.GHG.CO2.MT.CE.AR5,0.905
Bhutan,BTN,GDP (constant 2015 US$),NY.GDP.MKTP.KD,1668991759.59852
Bhutan,BTN,"Population, total",SP.POP.TOTL,701632
Bolivia,BOL,Carbon dioxide (CO2) emissions (total) excluding LULUCF (Mt CO2e),EN.GHG.CO2.MT.CE.AR5,14.7927
Bolivia,BOL,GDP (constant 2015 US$),NY.GDP.MKTP.KD,25266542246.0612
Bolivia,BOL,"Population, total",SP.POP.TOTL,10182345
Bosnia and Herzegovina,BIH,Carbon dioxide (CO2) emissions (total) excluding LULUCF (Mt CO2e),EN.GHG.CO2.MT.CE.AR5,22.2176
Bosnia and Herzegovina,BIH,GDP (constant 2015 US$),NY.GDP.MKTP.KD,15174269895.7758
Bosnia and Herzegovina,BIH,"Population, total",SP.POP.TOTL,3811472
Botswana,BWA,Carbon dioxide (CO2) emissions (total) excluding LULUCF (Mt CO2e),EN.GHG.CO2.MT.CE.AR5,3.3822
Botswana,BWA,GDP (constant 2015 US$),NY.GDP.MKTP.KD,11353915357.5123
Botswana,BWA,"Population, total",SP.POP.TOTL,2033111
Brazil,BRA,Carbon dioxide (CO2) emissions (total) excluding LULUCF (Mt CO2e),EN.GHG.CO2.MT.CE.AR5,439.9219
Brazil,BRA,GDP (constant 2015 US$),NY.GDP.MKTP.KD,1703150040806.99
Brazil,BRA,"Population, total",SP.POP.TOTL,193701929
British Virgin Islands,VGB,Carbon dioxide (CO2) emissions (total) excluding LULUCF (Mt CO2e),EN.GHG.CO2.MT.CE.AR5,0.0705
British Virgin Islands,VGB,GDP (constant 2015 US$),NY.GDP.MKTP.KD,..
British Virgin Islands,VGB,"Population, total",SP.POP.TOTL,27675
Brunei Darussalam,BRN,Carbon dioxide (CO2) emissions (total) excluding LULUCF (Mt CO2e),EN.GHG.CO2.MT.CE.AR5,7.3795
Brunei Darussalam,BRN,GDP (constant 2015 US$),NY.GDP.MKTP.KD,12994552864.5932
Brunei Darussalam,BRN,"Population, total",SP.POP.TOTL,392332
Bulgaria,BGR,Carbon dioxide (CO2) emissions (total) excluding LULUCF (Mt CO2e),EN.GHG.CO2.MT.CE.AR5,49.5094
Bulgaria,BGR,GDP (constant 2015 US$),NY.GDP.MKTP.KD,47544216166.3084
Bulgaria,BGR,"Population, total",SP.POP.TOTL,7395599
Burkina Faso,BFA,Carbon dioxide (CO2) emissions (total) excluding LULUCF (Mt CO2e),EN.GHG.CO2.MT.CE.AR5,1.9623
Burkina Faso,BFA,GDP (constant 2015 US$),NY.GDP.MKTP.KD,9088720451.70527
Burkina Faso,BFA,"Population, total",SP.POP.TOTL,16176498
Burundi,BDI,Carbon dioxide (CO2) emissions (total) excluding LULUCF (Mt CO2e),EN.GHG.CO2.MT.CE.AR5,0.3199
Burundi,BDI,GDP (constant 2015 US$),NY.GDP.MKTP.KD,2375133693.99181
Burundi,BDI,"Population, total",SP.POP.TOTL,9376444
Cabo Verde,CPV,Carbon dioxide (CO2) emissions (total) excluding LULUCF (Mt CO2e),EN.GHG.CO2.MT.CE.AR5,0.7498
Cabo Verde,CPV,GDP (constant 2015 US$),NY.GDP.MKTP.KD,1628564468.24228
Cabo Verde,CPV,"Population, total",SP.POP.TOTL,509784
Cambodia,KHM,Carbon dioxide (CO2) emissions (total) excluding LULUCF (Mt CO2e),EN.GHG.CO2.MT.CE.AR5,5.1593
Cambodia,KHM,GDP (constant 2015 US$),NY.GDP.MKTP.KD,16760698493.0409
Cambodia,KHM,"Population, total",SP.POP.TOTL,14500726
Cameroon,CMR,Carbon dioxide (CO2) emissions (total) excluding LULUCF (Mt CO2e),EN.GHG.CO2.MT.CE.AR5,7.828
Cameroon,CMR,GDP (constant 2015 US$),NY.GDP.MKTP.KD,25389533434.6495
Cameroon,CMR,"Population, total",SP.POP.TOTL,19668066
Canada,CAN,Carbon dioxide (CO2) emissions (total) excluding LULUCF (Mt CO2e),EN.GHG.CO2.MT.CE.AR5,562.1099
Canada,CAN,GDP (constant 2015 US$),NY.GDP.MKTP.KD,1399830508940.89
Canada,CAN,"Population, total",SP.POP.TOTL,34005902
Cayman Islands,CYM,Carbon dioxide (CO2) emissions (total) excluding LULUCF (Mt CO2e),EN.GHG.CO2.MT.CE.AR5,0.2472
Cayman Islands,CYM,GDP (constant 2015 US$),NY.GDP.MKTP.KD,4299956032.00849
Cayman Islands,CYM,"Population, total",SP.POP.TOTL,54099
Central African Republic,CAF,Carbon dioxide (CO2) emissions (total) excluding LULUCF (Mt CO2e),EN.GHG.CO2.MT.CE.AR5,0.1999
Central African Republic,CAF,GDP (constant 2015 US$),NY.GDP.MKTP.KD,2332499967.93604
Central African Republic,CAF,"Population, total",SP.POP.TOTL,4492995
Chad,TCD,Carbon dioxide (CO2) emissions (total) excluding LULUCF (Mt CO2e),EN.GHG.CO2.MT.CE.AR5,0.5246
Chad,TCD,GDP (constant 2015 US$),NY.GDP.MKTP.KD,11782555814.4129
Chad,TCD,"Population, total",SP.POP.TOTL,12312575
Channel Islands,CHI,Carbon dioxide (CO2) emissions (total) excluding LULUCF (Mt CO2e),EN.GHG.CO2.MT.CE.AR5,..
Channel Islands,CHI,GDP (constant 2015 US$),NY.GDP.MKTP.KD,10266424333.8754
Channel Islands,CHI,"Population, total",SP.POP.TOTL,158621
Chile,CHL,Carbon dioxide (CO2) emissions (total) excluding LULUCF (Mt CO2e),EN.GHG.CO2.MT.CE.AR5,72.323
Chile,CHL,GDP (constant 2015 US$),NY.GDP.MKTP.KD,200151851762.225
Chile,CHL,"Population, total",SP.POP.TOTL,17181464
China,CHN,Carbon dioxide (CO2) emissions (total) excluding LULUCF (Mt CO2e),EN.GHG.CO2.MT.CE.AR5,9106.0051
China,CHN,GDP (constant 2015 US$),NY.GDP.MKTP.KD,7711689202853.29
China,CHN,"Population, total",SP.POP.TOTL,1337705000
Colombia,COL,Carbon dioxide (CO2) emissions (total) excluding LULUCF (Mt CO2e),EN.GHG.CO2.MT.CE.AR5,68.1511
Colombia,COL,GDP (constant 2015 US$),NY.GDP.MKTP.KD,233479933032.173
Colombia,COL,"Population, total",SP.POP.TOTL,44777319
Comoros,COM,Carbon dioxide (CO2) emissions (total) excluding LULUCF (Mt CO2e),EN.GHG.CO2.MT.CE.AR5,0.1559
Comoros,COM,GDP (constant 2015 US$),NY.GDP.MKTP.KD,833348554.386726
Comoros,COM,"Population, total",SP.POP.TOTL,654836
"Congo, Dem. Rep.",COD,Carbon dioxide (CO2) emissions (total) excluding LULUCF (Mt CO2e),EN.GHG.CO2.MT.CE.AR5,2.9456
"Congo, Dem. Rep.",COD,GDP (constant 2015 US$),NY.GDP.MKTP.KD,27467694662.4827
"Congo, Dem. Rep.",COD,"Population, total",SP.POP.TOTL,68563038
"Congo, Rep.",COG,Carbon dioxide (CO2) emissions (total) excluding LULUCF (Mt CO2e),EN.GHG.CO2.MT.CE.AR5,5.2916
"Congo, Rep.",COG,GDP (constant 2015 US$),NY.GDP.MKTP.KD,10407332392.13
"Congo, Rep.",COG,"Population, total",SP.POP.TOTL,4462290
Costa Rica,CRI,Carbon dioxide (CO2) emissions (total) excluding LULUCF (Mt CO2e),EN.GHG.CO2.MT.CE.AR5,7.2362
Costa Rica,CRI,GDP (constant 2015 US$),NY.GDP.MKTP.KD,46858459461.2317
Costa Rica,CRI,"Population, total",SP.POP.TOTL,4555962
Cote d'Ivoire,CIV,Carbon dioxide (CO2) emissions (total) excluding LULUCF (Mt CO2e),EN.GHG.CO2.MT.CE.AR5,7.3149
Cote d'Ivoire,CIV,GDP (constant 2015 US$),NY.GDP.MKTP.KD,34643522418.9356
Cote d'Ivoire,CIV,"Population, total",SP.POP.TOTL,22488065
Croatia,HRV,Carbon dioxide (CO2) emissions (total) excluding LULUCF (Mt CO2e),EN.GHG.CO2.MT.CE.AR5,20.9405
Croatia,HRV,GDP (constant 2015 US$),NY.GDP.MKTP.KD,51394805225.024
Croatia,HRV,"Population, total",SP.POP.TOTL,4295427
Cuba,CUB,Carbon dioxide (CO2) emissions (total) excluding LULUCF (Mt CO2e),EN.GHG.CO2.MT.CE.AR5,28.1815
Cuba,CUB,GDP (constant 2015 US$),NY.GDP.MKTP.KD,75878940053.321
Cuba,CUB,"Population, total",SP.POP.TOTL,11297409
Curacao,CUW,Carbon dioxide (CO2) emissions (total) excluding LULUCF (Mt CO2e),EN.GHG.CO2.MT.CE.AR5,..
Curacao,CUW,GDP (constant 2015 US$),NY.GDP.MKTP.KD,3079109361.94443
Curacao,CUW,"Population, total",SP.POP.TOTL,148703
Cyprus,CYP,Carbon dioxide (CO2) emissions (total) excluding LULUCF (Mt CO2e),EN.GHG.CO2.MT.CE.AR5,7.9141
Cyprus,CYP,GDP (constant 2015 US$),NY.GDP.MKTP.KD,21640286747.1052
Cyprus,CYP,"Population, total",SP.POP.TOTL,1127816
Czechia,CZE,Carbon dioxide (CO2) emissions (total) excluding LULUCF (Mt CO2e),EN.GHG.CO2.MT.CE.AR5,120.9946
Czechia,CZE,GDP (constant 2015 US$),NY.GDP.MKTP.KD,174565802522.079
Czechia,CZE,"Population, total",SP.POP.TOTL,10474410
Denmark,DNK,Carbon dioxide (CO2) emissions (total) excluding LULUCF (Mt CO2e),EN.GHG.CO2.MT.CE.AR5,48.56
Denmark,DNK,GDP (constant 2015 US$),NY.GDP.MKTP.KD,284093791186.593
Denmark,DNK,"Population, total",SP.POP.TOTL,5547683
Djibouti,DJI,Carbon dioxide (CO2) emissions (total) excluding LULUCF (Mt CO2e),EN.GHG.CO2.MT.CE.AR5,0.8116
Djibouti,DJI,GDP (constant 2015 US$),NY.GDP.MKTP.KD,..
Djibouti,DJI,"Population, total",SP.POP.TOTL,930251
Dominica,DMA,Carbon dioxide (CO2) emissions (total) excluding LULUCF (Mt CO2e),EN.GHG.CO2.MT.CE.AR5,0.0773
Dominica,DMA,GDP (constant 2015 US$),NY.GDP.MKTP.KD,590415870.485502
Dominica,DMA,"Population, total",SP.POP.TOTL,68859
Dominican Republic,DOM,Carbon dioxide (CO2) emissions (total) excluding LULUCF (Mt CO2e),EN.GHG.CO2.MT.CE.AR5,20.9277
Dominican Republic,DOM,GDP (constant 2015 US$),NY.GDP.MKTP.KD,55645592832.7047
Dominican Republic,DOM,"Population, total",SP.POP.TOTL,9820175
Ecuador,ECU,Carbon dioxide (CO2) emissions (total) excluding LULUCF (Mt CO2e),EN.GHG.CO2.MT.CE.AR5,38.2529
Ecuador,ECU,GDP (constant 2015 US$),NY.GDP.MKTP.KD,75718234074.2169
Ecuador,ECU,"Population, total",SP.POP.TOTL,15076695
"Egypt, Arab Rep.",EGY,Carbon dioxide (CO2) emissions (total) excluding LULUCF (Mt CO2e),EN.GHG.CO2.MT.CE.AR5,211.7586
"Egypt, Arab Rep.",EGY,GDP (constant 2015 US$),NY.GDP.MKTP.KD,288446290408.139
"Egypt, Arab Rep.",EGY,"Population, total",SP.POP.TOTL,89196072
El Salvador,SLV,Carbon dioxide (CO2) emissions (total) excluding LULUCF (Mt CO2e),EN.GHG.CO2.MT.CE.AR5,6.7247
El Salvador,SLV,GDP (constant 2015 US$),NY.GDP.MKTP.KD,20622904543.8145
El Salvador,SLV,"Population, total",SP.POP.TOTL,6068249
Equatorial Guinea,GNQ,Carbon dioxide (CO2) emissions (total) excluding LULUCF (Mt CO2e),EN.GHG.CO2.MT.CE.AR5,5.7159
Equatorial Guinea,GNQ,GDP (constant 2015 US$),NY.GDP.MKTP.KD,13061295371.1388
Equatorial Guinea,GNQ,"Population, total",SP.POP.TOTL,1189085
Eritrea,ERI,Carbon dioxide (CO2) emissions (total) excluding LULUCF (Mt CO2e),EN.GHG.CO2.MT.CE.AR5,0.5168
Eritrea,ERI,GDP (constant 2015 US$),NY.GDP.MKTP.KD,2073049788.74561
Eritrea,ERI,"Population, total",SP.POP.TOTL,2945186
Estonia,EST,Carbon dioxide (CO2) emissions (total) excluding LULUCF (Mt CO2e),EN.GHG.CO2.MT.CE.AR5,22.2156
Estonia,EST,GDP (constant 2015 US$),NY.GDP.MKTP.KD,19516680413.329
Estonia,EST,"Population, total",SP.POP.TOTL,1331475
Eswatini,SWZ,Carbon dioxide (CO2) emissions (total) excluding LULUCF (Mt CO2e),EN.GHG.CO2.MT.CE.AR5,0.8556
Eswatini,SWZ,GDP (constant 2015 US$),NY.GDP.MKTP.KD,3412233861.45679
Eswatini,SWZ,"Population, total",SP.POP.TOTL,1111650
Ethiopia,ETH,Carbon dioxide (CO2) emissions (total) excluding LULUCF (Mt CO2e),EN.GHG.CO2.MT.CE.AR5,6.8811
Ethiopia,ETH,GDP (constant 2015 US$),NY.GDP.MKTP.KD,38198074328.8086
Ethiopia,ETH,"Population, total",SP.POP.TOTL,90538514
Faroe Islands,FRO,Carbon dioxide (CO2) emissions (total) excluding LULUCF (Mt CO2e),EN.GHG.CO2.MT.CE.AR5,0.002
Faroe Islands,FRO,GDP (constant 2015 US$),NY.GDP.MKTP.KD,2059822159.10004
Faroe Islands,FRO,"Population, total",SP.POP.TOTL,48657
Fiji,FJI,Carbon dioxide (CO2) emissions (total) excluding LULUCF (Mt CO2e),EN.GHG.CO2.MT.CE.AR5,1.6965
Fiji,FJI,GDP (constant 2015 US$),NY.GDP.MKTP.KD,3889636945.80504
Fiji,FJI,"Population, total",SP.POP.TOTL,910419
Finland,FIN,Carbon dioxide (CO2) emissions (total) excluding LULUCF (Mt CO2e),EN.GHG.CO2.MT.CE.AR5,65.8469
Finland,FIN,GDP (constant 2015 US$),NY.GDP.MKTP.KD,233609048324.553
Finland,FIN,"Population, total",SP.POP.TOTL,5363352
France,FRA,Carbon dioxide (CO2) emissions (total) excluding LULUCF (Mt CO2e),EN.GHG.CO2.MT.CE.AR5,377.2787
France,FRA,GDP (constant 2015 US$),NY.GDP.MKTP.KD,2313515332182.54
France,FRA,"Population, total",SP.POP.TOTL,65026211
French Polynesia,PYF,Carbon dioxide (CO2) emissions (total) excluding LULUCF (Mt CO2e),EN.GHG.CO2.MT.CE.AR5,0.9897
French Polynesia,PYF,GDP (constant 2015 US$),NY.GDP.MKTP.KD,5388066377.2296
French Polynesia,PYF,"Population, total",SP.POP.TOTL,270580
Gabon,GAB,Carbon dioxide (CO2) emissions (total) excluding LULUCF (Mt CO2e),EN.GHG.CO2.MT.CE.AR5,5.9582
Gabon,GAB,GDP (constant 2015 US$),NY.GDP.MKTP.KD,11147389066.6347
Gabon,GAB,"Population, total",SP.POP.TOTL,1719879
"Gambia, The",GMB,Carbon dioxide (CO2) emissions (total) excluding LULUCF (Mt CO2e),EN.GHG.CO2.MT.CE.AR5,0.4408
"Gambia, The",GMB,GDP (constant 2015 US$),NY.GDP.MKTP.KD,1350595613.51288
"Gambia, The",GMB,"Population, total",SP.POP.TOTL,1926630
Georgia,GEO,Carbon dioxide (CO2) emissions (total) excluding LULUCF (Mt CO2e),EN.GHG.CO2.MT.CE.AR5,6.3124
Georgia,GEO,GDP (constant 2015 US$),NY.GDP.MKTP.KD,11701134202.5253
Georgia,GEO,"Population, total",SP.POP.TOTL,3786695
Germany,DEU,Carbon dioxide (CO2) emissions (total) excluding LULUCF (Mt CO2e),EN.GHG.CO2.MT.CE.AR5,814.962
Germany,DEU,GDP (constant 2015 US$),NY.GDP.MKTP.KD,3150598283304.25
Germany,DEU,"Population, total",SP.POP.TOTL,81776930
Ghana,GHA,Carbon dioxide (CO2) emissions (total) excluding LULUCF (Mt CO2e),EN.GHG.CO2.MT.CE.AR5,11.128
Ghana,GHA,GDP (constant 2015 US$),NY.GDP.MKTP.KD,35186775129.0417
Ghana,GHA,"Population, total",SP.POP.TOTL,25474995
Gibraltar,GIB,Carbon dioxide (CO2) emissions (total) excluding LULUCF (Mt CO2e),EN.GHG.CO2.MT.CE.AR5,0.4748
Gibraltar,GIB,GDP (constant 2015 US$),NY.GDP.MKTP.KD,..
Gibraltar,GIB,"Population, total",SP.POP.TOTL,31248
Greece,GRC,Carbon dioxide (CO2) emissions (total) excluding LULUCF (Mt CO2e),EN.GHG.CO2.MT.CE.AR5,89.0981
Greece,GRC,GDP (constant 2015 US$),NY.GDP.MKTP.KD,239639588360.141
Greece,GRC,"Population, total",SP.POP.TOTL,11121341
Greenland,GRL,Carbon dioxide (CO2) emissions (total) excluding LULUCF (Mt CO2e),EN.GHG.CO2.MT.CE.AR5,0.6428
Greenland,GRL,GDP (constant 2015 US$),NY.GDP.MKTP.KD,2458184031.69379
Greenland,GRL,"Population, total",SP.POP.TOTL,56534
Grenada,GRD,Carbon dioxide (CO2) emissions (total) excluding LULUCF (Mt CO2e),EN.GHG.CO2.MT.CE.AR5,0.1188
Grenada,GRD,GDP (constant 2015 US$),NY.GDP.MKTP.KD,855944031.100456
Grenada,GRD,"Population, total",SP.POP.TOTL,111586
Guam,GUM,Carbon dioxide (CO2) emissions (total) excluding LULUCF (Mt CO2e),EN.GHG.CO2.MT.CE.AR5,0.0003
Guam,GUM,GDP (constant 2015 US$),NY.GDP.MKTP.KD,5435968880.80073
Guam,GUM,"Population, total",SP.POP.TOTL,166522
Guatemala,GTM,Carbon dioxide (CO2) emissions (total) excluding LULUCF (Mt CO2e),EN.GHG.CO2.MT.CE.AR5,11.7791
Guatemala,GTM,GDP (constant 2015 US$),NY.GDP.MKTP.KD,51426471557.3669
Guatemala,GTM,"Population, total",SP.POP.TOTL,14500112
Guinea,GIN,Carbon dioxide (CO2) emissions (total) excluding LULUCF (Mt CO2e),EN.GHG.CO2.MT.CE.AR5,2.5103
Guinea,GIN,GDP (constant 2015 US$),NY.GDP.MKTP.KD,7025019105.91374
Guinea,GIN,"Population, total",SP.POP.TOTL,10396086
Guinea-Bissau,GNB,Carbon dioxide (CO2) emissions (total) excluding LULUCF (Mt CO2e),EN.GHG.CO2.MT.CE.AR5,0.3138
Guinea-Bissau,GNB,GDP (constant 2015 US$),NY.GDP.MKTP.KD,980382895.434522
Guinea-Bissau,GNB,"Population, total",SP.POP.TOTL,1566347
Guyana,GUY,Carbon dioxide (CO2) emissions (total) excluding LULUCF (Mt CO2e),EN.GHG.CO2.MT.CE.AR5,1.7612
Guyana,GUY,GDP (constant 2015 US$),NY.GDP.MKTP.KD,3641452424.56855
Guyana,GUY,"Population, total",SP.POP.TOTL,749256
Haiti,HTI,Carbon dioxide (CO2) emissions (total) excluding LULUCF (Mt CO2e),EN.GHG.CO2.MT.CE.AR5,2.5989
Haiti,HTI,GDP (constant 2015 US$),NY.GDP.MKTP.KD,12916662276.64
Haiti,HTI,"Population, total",SP.POP.TOTL,9803294
Honduras,HND,Carbon dioxide (CO2) emissions (total) excluding LULUCF (Mt CO2e),EN.GHG.CO2.MT.CE.AR5,7.9832
Honduras,HND,GDP (constant 2015 US$),NY.GDP.MKTP.KD,17639229093.9667
Honduras,HND,"Population, total",SP.POP.TOTL,8365878
"Hong Kong SAR, China",HKG,Carbon dioxide (CO2) emissions (total) excluding LULUCF (Mt CO2e),EN.GHG.CO2.MT.CE.AR5,42.2277
"Hong Kong SAR, China",HKG,GDP (constant 2015 US$),NY.GDP.MKTP.KD,267551928313.897
"Hong Kong SAR, China",HKG,"Population, total",SP.POP.TOTL,7024200
Hungary,HUN,Carbon dioxide (CO2) emissions (total) excluding LULUCF (Mt CO2e),EN.GHG.CO2.MT.CE.AR5,52.3463
Hungary,HUN,GDP (constant 2015 US$),NY.GDP.MKTP.KD,112873946275.587
Hungary,HUN,"Population, total",SP.POP.TOTL,10000023
Iceland,ISL,Carbon dioxide (CO2) emissions (total) excluding LULUCF (Mt CO2e),EN.GHG.CO2.MT.CE.AR5,3.7364
Iceland,ISL,GDP (constant 2015 US$),NY.GDP.MKTP.KD,15752089361.4432
Iceland,ISL,"Population, total",SP.POP.TOTL,318041
India,IND,Carbon dioxide (CO2) emissions (total) excluding LULUCF (Mt CO2e),EN.GHG.CO2.MT.CE.AR5,1730.0542
India,IND,GDP (constant 2015 US$),NY.GDP.MKTP.KD,1535897931732.14
India,IND,"Population, total",SP.POP.TOTL,1243481564
Indonesia,IDN,Carbon dioxide (CO2) emissions (total) excluding LULUCF (Mt CO2e),EN.GHG.CO2.MT.CE.AR5,443.682
Indonesia,IDN,GDP (constant 2015 US$),NY.GDP.MKTP.KD,657835433773.518
Indonesia,IDN,"Population, total",SP.POP.TOTL,246305322
"Iran, Islamic Rep.",IRN,Carbon dioxide (CO2) emissions (total) excluding LULUCF (Mt CO2e),EN.GHG.CO2.MT.CE.AR5,576.7498
"Iran, Islamic Rep.",IRN,GDP (constant 2015 US$),NY.GDP.MKTP.KD,406386748164.51
"Iran, Islamic Rep.",IRN,"Population, total",SP.POP.TOTL,77420842
Iraq,IRQ,Carbon dioxide (CO2) emissions (total) excluding LULUCF (Mt CO2e),EN.GHG.CO2.MT.CE.AR5,111.4935
Iraq,IRQ,GDP (constant 2015 US$),NY.GDP.MKTP.KD,120516349622.451
Iraq,IRQ,"Population, total",SP.POP.TOTL,31045366
Ireland,IRL,Carbon dioxide (CO2) emissions (total) excluding LULUCF (Mt CO2e),EN.GHG.CO2.MT.CE.AR5,40.9249
Ireland,IRL,GDP (constant 2015 US$),NY.GDP.MKTP.KD,214289191596.523
Ireland,IRL,"Population, total",SP.POP.TOTL,4560155
Isle of Man,IMN,Carbon dioxide (CO2) emissions (total) excluding LULUCF (Mt CO2e),EN.GHG.CO2.MT.CE.AR5,..
Isle of Man,IMN,GDP (constant 2015 US$),NY.GDP.MKTP.KD,5933833731.82898
Isle of Man,IMN,"Population, total",SP.POP.TOTL,83873
Israel,ISR,Carbon dioxide (CO2) emissions (total) excluding LULUCF (Mt CO2e),EN.GHG.CO2.MT.CE.AR5,71.9452
Israel,ISR,GDP (constant 2015 US$),NY.GDP.MKTP.KD,254206817526.885
Israel,ISR,"Population, total",SP.POP.TOTL,7623600
Italy,ITA,Carbon dioxide (CO2) emissions (total) excluding LULUCF (Mt CO2e),EN.GHG.CO2.MT.CE.AR5,423.6329
Italy,ITA,GDP (constant 2015 US$),NY.GDP.MKTP.KD,1909947188308.66
Italy,ITA,"Population, total",SP.POP.TOTL,59819407
Jamaica,JAM,Carbon dioxide (CO2) emissions (total) excluding LULUCF (Mt CO2e),EN.GHG.CO2.MT.CE.AR5,7.6922
Jamaica,JAM,GDP (constant 2015 US$),NY.GDP.MKTP.KD,14489274699.2317
Jamaica,JAM,"Population, total",SP.POP.TOTL,2748568
Japan,JPN,Carbon dioxide (CO2) emissions (total) excluding LULUCF (Mt CO2e),EN.GHG.CO2.MT.CE.AR5,1217.0641
Japan,JPN,GDP (constant 2015 US$),NY.GDP.MKTP.KD,4218907820178.57
Japan,JPN,"Population, total",SP.POP.TOTL,128070000
Jordan,JOR,Carbon dioxide (CO2) emissions (total) excluding LULUCF (Mt CO2e),EN.GHG.CO2.MT.CE.AR5,20.5883
Jordan,JOR,GDP (constant 2015 US$),NY.GDP.MKTP.KD,33723826288.3537
Jordan,JOR,"Population, total",SP.POP.TOTL,7297043
Kazakhstan,KAZ,Carbon dioxide (CO2) emissions (total) excluding LULUCF (Mt CO2e),EN.GHG.CO2.MT.CE.AR5,242.1984
Kazakhstan,KAZ,GDP (constant 2015 US$),NY.GDP.MKTP.KD,146559490369.689
Kazakhstan,KAZ,"Population, total",SP.POP.TOTL,16836810
Kenya,KEN,Carbon dioxide (CO2) emissions (total) excluding LULUCF (Mt CO2e),EN.GHG.CO2.MT.CE.AR5,13.4828
Kenya,KEN,GDP (constant 2015 US$),NY.GDP.MKTP.KD,55748929986.1062
Kenya,KEN,"Population, total",SP.POP.TOTL,41598567
Kiribati,KIR,Carbon dioxide (CO2) emissions (total) excluding LULUCF (Mt CO2e),EN.GHG.CO2.MT.CE.AR5,0.0611
Kiribati,KIR,GDP (constant 2015 US$),NY.GDP.MKTP.KD,144444531.776316
Kiribati,KIR,"Population, total",SP.POP.TOTL,108704
"Korea, Dem. People's Rep.",PRK,Carbon dioxide (CO2) emissions (total) excluding LULUCF (Mt CO2e),EN.GHG.CO2.MT.CE.AR5,69.0426
"Korea, Dem. People's Rep.",PRK,GDP (constant 2015 US$),NY.GDP.MKTP.KD,..
"Korea, Dem. People's Rep.",PRK,"Population, total",SP.POP.TOTL,24987258
"Korea, Rep.",KOR,Carbon dioxide (CO2) emissions (total) excluding LULUCF (Mt CO2e),EN.GHG.CO2.MT.CE.AR5,612.9372
"Korea, Rep.",KOR,GDP (constant 2015 US$),NY.GDP.MKTP.KD,1319281537670.41
"Korea, Rep.",KOR,"Population, total",SP.POP.TOTL,49554112
Kosovo,XKX,Carbon dioxide (CO2) emissions (total) excluding LULUCF (Mt CO2e),EN.GHG.CO2.MT.CE.AR5,..
Kosovo,XKX,GDP (constant 2015 US$),NY.GDP.MKTP.KD,5048966087.01821
Kosovo,XKX,"Population, total",SP.POP.TOTL,1788743
Kuwait,KWT,Carbon dioxide (CO2) emissions (total) excluding LULUCF (Mt CO2e),EN.GHG.CO2.MT.CE.AR5,86.8196
Kuwait,KWT,GDP (constant 2015 US$),NY.GDP.MKTP.KD,95861205611.671
Kuwait,KWT,"Population, total",SP.POP.TOTL,2943372
Kyrgyz Republic,KGZ,Carbon dioxide (CO2) emissions (total) excluding LULUCF (Mt CO2e),EN.GHG.CO2.MT.CE.AR5,6.6057
Kyrgyz Republic,KGZ,GDP (constant 2015 US$),NY.GDP.MKTP.KD,5263491909.11624
Kyrgyz Republic,KGZ,"Population, total",SP.POP.TOTL,5467059
Lao PDR,LAO,Carbon dioxide (CO2) emissions (total) excluding LULUCF (Mt CO2e),EN.GHG.CO2.MT.CE.AR5,2.9614
Lao PDR,LAO,GDP (constant 2015 US$),NY.GDP.MKTP.KD,9912447859.53224
Lao PDR,LAO,"Population, total",SP.POP.TOTL,6334194
Latvia,LVA,Carbon dioxide (CO2) emissions (total) excluding LULUCF (Mt CO2e),EN.GHG.CO2.MT.CE.AR5,8.8799
Latvia,LVA,GDP (constant 2015 US$),NY.GDP.MKTP.KD,22026145287.9415
Latvia,LVA,"Population, total",SP.POP.TOTL,2097555
Lebanon,LBN,Carbon dioxide (CO2) emissions (total) excluding LULUCF (Mt CO2e),EN.GHG.CO2.MT.CE.AR5,20.6592
Lebanon,LBN,GDP (constant 2015 US$),NY.GDP.MKTP.KD,45147473283.5593
Lebanon,LBN,"Population, total",SP.POP.TOTL,5041288
Lesotho,LSO,Carbon dioxide (CO2) emissions (total) excluding LULUCF (Mt CO2e),EN.GHG.CO2.MT.CE.AR5,0.5223
Lesotho,LSO,GDP (constant 2015 US$),NY.GDP.MKTP.KD,1986735734.7651
Lesotho,LSO,"Population, total",SP.POP.TOTL,1996251
Liberia,LBR,Carbon dioxide (CO2) emissions (total) excluding LULUCF (Mt CO2e),EN.GHG.CO2.MT.CE.AR5,0.7943
Liberia,LBR,GDP (constant 2015 US$),NY.GDP.MKTP.KD,2523749998.53307
Liberia,LBR,"Population, total",SP.POP.TOTL,4058890
Libya,LBY,Carbon dioxide (CO2) emissions (total) excluding LULUCF (Mt CO2e),EN.GHG.CO2.MT.CE.AR5,63.6702
Libya,LBY,GDP (constant 2015 US$),NY.GDP.MKTP.KD,83912660700.3206
Libya,LBY,"Population, total",SP.POP.TOTL,6497839
Liechtenstein,LIE,Carbon dioxide (CO2) emissions (total) excluding LULUCF (Mt CO2e),EN.GHG.CO2.MT.CE.AR5,..
Liechtenstein,LIE,GDP (constant 2015 US$),NY.GDP.MKTP.KD,..
Liechtenstein,LIE,"Population, total",SP.POP.TOTL,36022
Lithuania,LTU,Carbon dioxide (CO2) emissions (total) excluding LULUCF (Mt CO2e),EN.GHG.CO2.MT.CE.AR5,14.041
Lithuania,LTU,GDP (constant 2015 US$),NY.GDP.MKTP.KD,33711177146.509
Lithuania,LTU,"Population, total",SP.POP.TOTL,3097282
Luxembourg,LUX,Carbon dioxide (CO2) emissions (total) excluding LULUCF (Mt CO2e),EN.GHG.CO2.MT.CE.AR5,11.2134
Luxembourg,LUX,GDP (constant 2015 US$),NY.GDP.MKTP.KD,54012829512.59
Luxembourg,LUX,"Population, total",SP.POP.TOTL,506953
"Macao SAR, China",MAC,Carbon dioxide (CO2) emissions (total) excluding LULUCF (Mt CO2e),EN.GHG.CO2.MT.CE.AR5,1.7202
"Macao SAR, China",MAC,GDP (constant 2015 US$),NY.GDP.MKTP.KD,39842746025.8379
"Macao SAR, China",MAC,"Population, total",SP.POP.TOTL,537000
Madagascar,MDG,Carbon dioxide (CO2) emissions (total) excluding LULUCF (Mt CO2e),EN.GHG.CO2.MT.CE.AR5,1.9684
Madagascar,MDG,GDP (constant 2015 US$),NY.GDP.MKTP.KD,9925206605.67835
Madagascar,MDG,"Population, total",SP.POP.TOTL,22183340
Malawi,MWI,Carbon dioxide (CO2) emissions (total) excluding LULUCF (Mt CO2e),EN.GHG.CO2.MT.CE.AR5,4.4851
Malawi,MWI,GDP (constant 2015 US$),NY.GDP.MKTP.KD,7533157578.1417
Malawi,MWI,"Population, total",SP.POP.TOTL,14826463
Malaysia,MYS,Carbon dioxide (CO2) emissions (total) excluding LULUCF (Mt CO2e),EN.GHG.CO2.MT.CE.AR5,215.5014
Malaysia,MYS,GDP (constant 2015 US$),NY.GDP.MKTP.KD,232654030399.227
Malaysia,MYS,"Population, total",SP.POP.TOTL,28655776
Maldives,MDV,Carbon dioxide (CO2) emissions (total) excluding LULUCF (Mt CO2e),EN.GHG.CO2.MT.CE.AR5,1.0537
Maldives,MDV,GDP (constant 2015 US$),NY.GDP.MKTP.KD,3091816044.31985
Maldives,MDV,"Population, total",SP.POP.TOTL,360792
Mali,MLI,Carbon dioxide (CO2) emissions (total) excluding LULUCF (Mt CO2e),EN.GHG.CO2.MT.CE.AR5,1.9869
Mali,MLI,GDP (constant 2015 US$),NY.GDP.MKTP.KD,13093898208.5384
Mali,MLI,"Population, total",SP.POP.TOTL,15945198
Malta,MLT,Carbon dioxide (CO2) emissions (total) excluding LULUCF (Mt CO2e),EN.GHG.CO2.MT.CE.AR5,2.5947
Malta,MLT,GDP (constant 2015 US$),NY.GDP.MKTP.KD,8601309578.86681
Malta,MLT,"Population, total",SP.POP.TOTL,414508
Marshall Islands,MHL,Carbon dioxide (CO2) emissions (total) excluding LULUCF (Mt CO2e),EN.GHG.CO2.MT.CE.AR5,0.0001
Marshall Islands,MHL,GDP (constant 2015 US$),NY.GDP.MKTP.KD,179100000
Marshall Islands,MHL,"Population, total",SP.POP.TOTL,52044
Mauritania,MRT,Carbon dioxide (CO2) emissions (total) excluding LULUCF (Mt CO2e),EN.GHG.CO2.MT.CE.AR5,2.1069
Mauritania,MRT,GDP (constant 2015 US$),NY.GDP.MKTP.KD,4951459275.31606
Mauritania,MRT,"Population, total",SP.POP.TOTL,3390965
Mauritius,MUS,Carbon dioxide (CO2) emissions (total) excluding LULUCF (Mt CO2e),EN.GHG.CO2.MT.CE.AR5,3.6757
Mauritius,MUS,GDP (constant 2015 US$),NY.GDP.MKTP.KD,10146771628.6992
Mauritius,MUS,"Population, total",SP.POP.TOTL,1250400
Mexico,MEX,Carbon dioxide (CO2) emissions (total) excluding LULUCF (Mt CO2e),EN.GHG.CO2.MT.CE.AR5,476.9429
Mexico,MEX,GDP (constant 2015 US$),NY.GDP.MKTP.KD,1066822388048.98
Mexico,MEX,"Population, total",SP.POP.TOTL,113623895
"Micronesia, Fed. Sts.",FSM,Carbon dioxide (CO2) emissions (total) excluding LULUCF (Mt CO2e),EN.GHG.CO2.MT.CE.AR5,0.0002
"Micronesia, Fed. Sts.",FSM,GDP (constant 2015 US$),NY.GDP.MKTP.KD,310244010.295231
"Micronesia, Fed. Sts.",FSM,"Population, total",SP.POP.TOTL,107540
Moldova,MDA,Carbon dioxide (CO2) emissions (total) excluding LULUCF (Mt CO2e),EN.GHG.CO2.MT.CE.AR5,8.5049
Moldova,MDA,GDP (constant 2015 US$),NY.GDP.MKTP.KD,6496144351.04957
Moldova,MDA,"Population, total",SP.POP.TOTL,2862354
Monaco,MCO,Carbon dioxide (CO2) emissions (total) excluding LULUCF (Mt CO2e),EN.GHG.CO2.MT.CE.AR5,..
Monaco,MCO,GDP (constant 2015 US$),NY.GDP.MKTP.KD,4703003769.39437
Monaco,MCO,"Population, total",SP.POP.TOTL,33163
Mongolia,MNG,Carbon dioxide (CO2) emissions (total) excluding LULUCF (Mt CO2e),EN.GHG.CO2.MT.CE.AR5,14.9057
Mongolia,MNG,GDP (constant 2015 US$),NY.GDP.MKTP.KD,7152385862.09146
Mongolia,MNG,"Population, total",SP.POP.TOTL,2738622
Montenegro,MNE,Carbon dioxide (CO2) emissions (total) excluding LULUCF (Mt CO2e),EN.GHG.CO2.MT.CE.AR5,..
Montenegro,MNE,GDP (constant 2015 US$),NY.GDP.MKTP.KD,3665724040.98962
Montenegro,MNE,"Population, total",SP.POP.TOTL,619428
Morocco,MAR,Carbon dioxide (CO2) emissions (total) excluding LULUCF (Mt CO2e),EN.GHG.CO2.MT.CE.AR5,52.0418
Morocco,MAR,GDP (constant 2015 US$),NY.GDP.MKTP.KD,90971304769.4422
Morocco,MAR,"Population, total",SP.POP.TOTL,32467016
Mozambique,MOZ,Carbon dioxide (CO2) emissions (total) excluding LULUCF (Mt CO2e),EN.GHG.CO2.MT.CE.AR5,3.6056
Mozambique,MOZ,GDP (constant 2015 US$),NY.GDP.MKTP.KD,11365367724.1329
Mozambique,MOZ,"Population, total",SP.POP.TOTL,22999235
Myanmar,MMR,Carbon dioxide (CO2) emissions (total) excluding LULUCF (Mt CO2e),EN.GHG.CO2.MT.CE.AR5,8.6324
Myanmar,MMR,GDP (constant 2015 US$),NY.GDP.MKTP.KD,41912536387.039
Myanmar,MMR,"Population, total",SP.POP.TOTL,49024382
Namibia,NAM,Carbon dioxide (CO2) emissions (total) excluding LULUCF (Mt CO2e),EN.GHG.CO2.MT.CE.AR5,2.6845
Namibia,NAM,GDP (constant 2015 US$),NY.GDP.MKTP.KD,8787636883.68937
Namibia,NAM,"Population, total",SP.POP.TOTL,2109811
Nauru,NRU,Carbon dioxide (CO2) emissions (total) excluding LULUCF (Mt CO2e),EN.GHG.CO2.MT.CE.AR5,0
Nauru,NRU,GDP (constant 2015 US$),NY.GDP.MKTP.KD,47691850.9045751
Nauru,NRU,"Population, total",SP.POP.TOTL,10043
Nepal,NPL,Carbon dioxide (CO2) emissions (total) excluding LULUCF (Mt CO2e),EN.GHG.CO2.MT.CE.AR5,4.785
Nepal,NPL,GDP (constant 2015 US$),NY.GDP.MKTP.KD,19720799061.8121
Nepal,NPL,"Population, total",SP.POP.TOTL,27341952
Netherlands,NLD,Carbon dioxide (CO2) emissions (total) excluding LULUCF (Mt CO2e),EN.GHG.CO2.MT.CE.AR5,186.1211
Netherlands,NLD,GDP (constant 2015 US$),NY.GDP.MKTP.KD,742031413974.447
Netherlands,NLD,"Population, total",SP.POP.TOTL,16615394
New Caledonia,NCL,Carbon dioxide (CO2) emissions (total) excluding LULUCF (Mt CO2e),EN.GHG.CO2.MT.CE.AR5,3.5178
New Caledonia,NCL,GDP (constant 2015 US$),NY.GDP.MKTP.KD,..
New Caledonia,NCL,"Population, total",SP.POP.TOTL,261582
New Zealand,NZL,Carbon dioxide (CO2) emissions (total) excluding LULUCF (Mt CO2e),EN.GHG.CO2.MT.CE.AR5,33.4445
New Zealand,NZL,GDP (constant 2015 US$),NY.GDP.MKTP.KD,154405312544.983
New Zealand,NZL,"Population, total",SP.POP.TOTL,4350700
Nicaragua,NIC,Carbon dioxide (CO2) emissions (total) excluding LULUCF (Mt CO2e),EN.GHG.CO2.MT.CE.AR5,4.6711
Nicaragua,NIC,GDP (constant 2015 US$),NY.GDP.MKTP.KD,9778787862.00226
Nicaragua,NIC,"Population, total",SP.POP.TOTL,5737450
Niger,NER,Carbon dioxide (CO2) emissions (total) excluding LULUCF (Mt CO2e),EN.GHG.CO2.MT.CE.AR5,1.4418
Niger,NER,GDP (constant 2015 US$),NY.GDP.MKTP.KD,7299346341.92573
Niger,NER,"Population, total",SP.POP.TOTL,16548835
Nigeria,NGA,Carbon dioxide (CO2) emissions (total) excluding LULUCF (Mt CO2e),EN.GHG.CO2.MT.CE.AR5,94.4036
Nigeria,NGA,GDP (constant 2015 US$),NY.GDP.MKTP.KD,385856064172.786
Nigeria,NGA,"Population, total",SP.POP.TOTL,166642886
North Macedonia,MKD,Carbon dioxide (CO2) emissions (total) excluding LULUCF (Mt CO2e),EN.GHG.CO2.MT.CE.AR5,9.1751
North Macedonia,MKD,GDP (constant 2015 US$),NY.GDP.MKTP.KD,8918648175.61246
North Macedonia,MKD,"Population, total",SP.POP.TOTL,1946298
Northern Mariana Islands,MNP,Carbon dioxide (CO2) emissions (total) excluding LULUCF (Mt CO2e),EN.GHG.CO2.MT.CE.AR5,0.0001
Northern Mariana Islands,MNP,GDP (constant 2015 US$),NY.GDP.MKTP.KD,881321212.121212
Northern Mariana Islands,MNP,"Population, total",SP.POP.TOTL,54091
Norway,NOR,Carbon dioxide (CO2) emissions (total) excluding LULUCF (Mt CO2e),EN.GHG.CO2.MT.CE.AR5,47.9849
Norway,NOR,GDP (constant 2015 US$),NY.GDP.MKTP.KD,355959036888.204
Norway,NOR,"Population, total",SP.POP.TOTL,4889252
Oman,OMN,Carbon dioxide (CO2) emissions (total) excluding LULUCF (Mt CO2e),EN.GHG.CO2.MT.CE.AR5,51.4932
Oman,OMN,GDP (constant 2015 US$),NY.GDP.MKTP.KD,62776154506.6944
Oman,OMN,"Population, total",SP.POP.TOTL,2757446
Pakistan,PAK,Carbon dioxide (CO2) emissions (total) excluding LULUCF (Mt CO2e),EN.GHG.CO2.MT.CE.AR5,155.6566
Pakistan,PAK,GDP (constant 2015 US$),NY.GDP.MKTP.KD,250382678707.751
Pakistan,PAK,"Population, total",SP.POP.TOTL,199239047
Palau,PLW,Carbon dioxide (CO2) emissions (total) excluding LULUCF (Mt CO2e),EN.GHG.CO2.MT.CE.AR5,2.1107
Palau,PLW,GDP (constant 2015 US$),NY.GDP.MKTP.KD,242946999.617743
Palau,PLW,"Population, total",SP.POP.TOTL,18396
Panama,PAN,Carbon dioxide (CO2) emissions (total) excluding LULUCF (Mt CO2e),EN.GHG.CO2.MT.CE.AR5,9.1798
Panama,PAN,GDP (constant 2015 US$),NY.GDP.MKTP.KD,38818327773.9434
Panama,PAN,"Population, total",SP.POP.TOTL,3628535
Papua New Guinea,PNG,Carbon dioxide (CO2) emissions (total) excluding LULUCF (Mt CO2e),EN.GHG.CO2.MT.CE.AR5,4.2314
Papua New Guinea,PNG,GDP (constant 2015 US$),NY.GDP.MKTP.KD,16339627662.3714
Papua New Guinea,PNG,"Population, total",SP.POP.TOTL,7633523
Paraguay,PRY,Carbon dioxide (CO2) emissions (total) excluding LULUCF (Mt CO2e),EN.GHG.CO2.MT.CE.AR5,5.2439
Paraguay,PRY,GDP (constant 2015 US$),NY.GDP.MKTP.KD,29786095177.4612
Paraguay,PRY,"Population, total",SP.POP.TOTL,5737971
Peru,PER,Carbon dioxide (CO2) emissions (total) excluding LULUCF (Mt CO2e),EN.GHG.CO2.MT.CE.AR5,45.8483
Peru,PER,GDP (constant 2015 US$),NY.GDP.MKTP.KD,150298879148.001
Peru,PER,"Population, total",SP.POP.TOTL,29086019
Philippines,PHL,Carbon dioxide (CO2) emissions (total) excluding LULUCF (Mt CO2e),EN.GHG.CO2.MT.CE.AR5,84.9688
Philippines,PHL,GDP (constant 2015 US$),NY.GDP.MKTP.KD,228621785456.625
Philippines,PHL,"Population, total",SP.POP.TOTL,96337125
Poland,POL,Carbon dioxide (CO2) emissions (total) excluding LULUCF (Mt CO2e),EN.GHG.CO2.MT.CE.AR5,329.3834
Poland,POL,GDP (constant 2015 US$),NY.GDP.MKTP.KD,411181642127.603
Poland,POL,"Population, total",SP.POP.TOTL,38042794
Portugal,PRT,Carbon dioxide (CO2) emissions (total) excluding LULUCF (Mt CO2e),EN.GHG.CO2.MT.CE.AR5,53.2485
Portugal,PRT,GDP (constant 2015 US$),NY.GDP.MKTP.KD,208276152407.912
Portugal,PRT,"Population, total",SP.POP.TOTL,10573100
Puerto Rico (US),PRI,Carbon dioxide (CO2) emissions (total) excluding LULUCF (Mt CO2e),EN.GHG.CO2.MT.CE.AR5,13.4337
Puerto Rico (US),PRI,GDP (constant 2015 US$),NY.GDP.MKTP.KD,106406131528.656
Puerto Rico (US),PRI,"Population, total",SP.POP.TOTL,3724465
Qatar,QAT,Carbon dioxide (CO2) emissions (total) excluding LULUCF (Mt CO2e),EN.GHG.CO2.MT.CE.AR5,72.2126
Qatar,QAT,GDP (constant 2015 US$),NY.GDP.MKTP.KD,116951606956.59
Qatar,QAT,"Population, total",SP.POP.TOTL,1616832
Romania,ROU,Carbon dioxide (CO2) emissions (total) excluding LULUCF (Mt CO2e),EN.GHG.CO2.MT.CE.AR5,83.3446
Romania,ROU,GDP (constant 2015 US$),NY.GDP.MKTP.KD,155105339843.99
Romania,ROU,"Population, total",SP.POP.TOTL,20246871
Russian Federation,RUS,Carbon dioxide (CO2) emissions (total) excluding LULUCF (Mt CO2e),EN.GHG.CO2.MT.CE.AR5,1746.8968
Russian Federation,RUS,GDP (constant 2015 US$),NY.GDP.MKTP.KD,1250664313044.7
Russian Federation,RUS,"Population, total",SP.POP.TOTL,142849468
Rwanda,RWA,Carbon dioxide (CO2) emissions (total) excluding LULUCF (Mt CO2e),EN.GHG.CO2.MT.CE.AR5,0.7312
Rwanda,RWA,GDP (constant 2015 US$),NY.GDP.MKTP.KD,6018965507.59309
Rwanda,RWA,"Population, total",SP.POP.TOTL,10317553
Samoa,WSM,Carbon dioxide (CO2) emissions (total) excluding LULUCF (Mt CO2e),EN.GHG.CO2.MT.CE.AR5,0.2631
Samoa,WSM,GDP (constant 2015 US$),NY.GDP.MKTP.KD,787756851.010821
Samoa,WSM,"Population, total",SP.POP.TOTL,193023
San Marino,SMR,Carbon dioxide (CO2) emissions (total) excluding LULUCF (Mt CO2e),EN.GHG.CO2.MT.CE.AR5,..
San Marino,SMR,GDP (constant 2015 US$),NY.GDP.MKTP.KD,1652610655.04359
San Marino,SMR,"Population, total",SP.POP.TOTL,33270
Sao Tome and Principe,STP,Carbon dioxide (CO2) emissions (total) excluding LULUCF (Mt CO2e),EN.GHG.CO2.MT.CE.AR5,0.1236
Sao Tome and Principe,STP,GDP (constant 2015 US$),NY.GDP.MKTP.KD,221134908.544338
Sao Tome and Principe,STP,"Population, total",SP.POP.TOTL,181802
Saudi Arabia,SAU,Carbon dioxide (CO2) emissions (total) excluding LULUCF (Mt CO2e),EN.GHG.CO2.MT.CE.AR5,486.877
Saudi Arabia,SAU,GDP (constant 2015 US$),NY.GDP.MKTP.KD,523453786400.721
Saudi Arabia,SAU,"Population, total",SP.POP.TOTL,23978487
Senegal,SEN,Carbon dioxide (CO2) emissions (total) excluding LULUCF (Mt CO2e),EN.GHG.CO2.MT.CE.AR5,6.9781
Senegal,SEN,GDP (constant 2015 US$),NY.GDP.MKTP.KD,14575382431.8826
Senegal,SEN,"Population, total",SP.POP.TOTL,12635413
Serbia,SRB,Carbon dioxide (CO2) emissions (total) excluding LULUCF (Mt CO2e),EN.GHG.CO2.MT.CE.AR5,..
Serbia,SRB,GDP (constant 2015 US$),NY.GDP.MKTP.KD,41493398701.5159
Serbia,SRB,"Population, total",SP.POP.TOTL,7291436
Seychelles,SYC,Carbon dioxide (CO2) emissions (total) excluding LULUCF (Mt CO2e),EN.GHG.CO2.MT.CE.AR5,0.917
Seychelles,SYC,GDP (constant 2015 US$),NY.GDP.MKTP.KD,1105387984.2341
Seychelles,SYC,"Population, total",SP.POP.TOTL,89770
Sierra Leone,SLE,Carbon dioxide (CO2) emissions (total) excluding LULUCF (Mt CO2e),EN.GHG.CO2.MT.CE.AR5,0.7103
Sierra Leone,SLE,GDP (constant 2015 US$),NY.GDP.MKTP.KD,5617678842.06416
Sierra Leone,SLE,"Population, total",SP.POP.TOTL,6222714
Singapore,SGP,Carbon dioxide (CO2) emissions (total) excluding LULUCF (Mt CO2e),EN.GHG.CO2.MT.CE.AR5,48.8859
Singapore,SGP,GDP (constant 2015 US$),NY.GDP.MKTP.KD,247501100140.018
Singapore,SGP,"Population, total",SP.POP.TOTL,5076732
Sint Maarten (Dutch part),SXM,Carbon dioxide (CO2) emissions (total) excluding LULUCF (Mt CO2e),EN.GHG.CO2.MT.CE.AR5,..
Sint Maarten (Dutch part),SXM,GDP (constant 2015 US$),NY.GDP.MKTP.KD,1297793365.1585
Sint Maarten (Dutch part),SXM,"Population, total",SP.POP.TOTL,33794
Slovak Republic,SVK,Carbon dioxide (CO2) emissions (total) excluding LULUCF (Mt CO2e),EN.GHG.CO2.MT.CE.AR5,39.9112
Slovak Republic,SVK,GDP (constant 2015 US$),NY.GDP.MKTP.KD,78694079820.7688
Slovak Republic,SVK,"Population, total",SP.POP.TOTL,5391428
Slovenia,SVN,Carbon dioxide (CO2) emissions (total) excluding LULUCF (Mt CO2e),EN.GHG.CO2.MT.CE.AR5,17.1608
Slovenia,SVN,GDP (constant 2015 US$),NY.GDP.MKTP.KD,41881476947.431
Slovenia,SVN,"Population, total",SP.POP.TOTL,2048583
Solomon Islands,SLB,Carbon dioxide (CO2) emissions (total) excluding LULUCF (Mt CO2e),EN.GHG.CO2.MT.CE.AR5,0.3585
Solomon Islands,SLB,GDP (constant 2015 US$),NY.GDP.MKTP.KD,1097358149.86722
Solomon Islands,SLB,"Population, total",SP.POP.TOTL,532968
"Somalia, Fed. Rep.",SOM,Carbon dioxide (CO2) emissions (total) excluding LULUCF (Mt CO2e),EN.GHG.CO2.MT.CE.AR5,0.7885
"Somalia, Fed. Rep.",SOM,GDP (constant 2015 US$),NY.GDP.MKTP.KD,4046017818.73357
"Somalia, Fed. Rep.",SOM,"Population, total",SP.POP.TOTL,12261756
South Africa,ZAF,Carbon dioxide (CO2) emissions (total) excluding LULUCF (Mt CO2e),EN.GHG.CO2.MT.CE.AR5,464.3532
South Africa,ZAF,GDP (constant 2015 US$),NY.GDP.MKTP.KD,311653604140.269
South Africa,ZAF,"Population, total",SP.POP.TOTL,52344051
South Sudan,SSD,Carbon dioxide (CO2) emissions (total) excluding LULUCF (Mt CO2e),EN.GHG.CO2.MT.CE.AR5,..
South Sudan,SSD,GDP (constant 2015 US$),NY.GDP.MKTP.KD,22367646895.0144
South Sudan,SSD,"Population, total",SP.POP.TOTL,9745953
Spain,ESP,Carbon dioxide (CO2) emissions (total) excluding LULUCF (Mt CO2e),EN.GHG.CO2.MT.CE.AR5,287.7519
Spain,ESP,GDP (constant 2015 US$),NY.GDP.MKTP.KD,1200112046037.65
Spain,ESP,"Population, total",SP.POP.TOTL,46576897
Sri Lanka,LKA,Carbon dioxide (CO2) emissions (total) excluding LULUCF (Mt CO2e),EN.GHG.CO2.MT.CE.AR5,13.5184
Sri Lanka,LKA,GDP (constant 2015 US$),NY.GDP.MKTP.KD,62491408087.6686
Sri Lanka,LKA,"Population, total",SP.POP.TOTL,20879089
St. Kitts and Nevis,KNA,Carbon dioxide (CO2) emissions (total) excluding LULUCF (Mt CO2e),EN.GHG.CO2.MT.CE.AR5,0.0987
St. Kitts and Nevis,KNA,GDP (constant 2015 US$),NY.GDP.MKTP.KD,828615280.858431
St. Kitts and Nevis,KNA,"Population, total",SP.POP.TOTL,46846
St. Lucia,LCA,Carbon dioxide (CO2) emissions (total) excluding LULUCF (Mt CO2e),EN.GHG.CO2.MT.CE.AR5,0.1823
St. Lucia,LCA,GDP (constant 2015 US$),NY.GDP.MKTP.KD,1741756827.17338
St. Lucia,LCA,"Population, total",SP.POP.TOTL,170906
St. Martin (French part),MAF,Carbon dioxide (CO2) emissions (total) excluding LULUCF (Mt CO2e),EN.GHG.CO2.MT.CE.AR5,..
St. Martin (French part),MAF,GDP (constant 2015 US$),NY.GDP.MKTP.KD,..
St. Martin (French part),MAF,"Population, total",SP.POP.TOTL,36856
St. Vincent and the Grenadines,VCT,Carbon dioxide (CO2) emissions (total) excluding LULUCF (Mt CO2e),EN.GHG.CO2.MT.CE.AR5,0.097
St. Vincent and the Grenadines,VCT,GDP (constant 2015 US$),NY.GDP.MKTP.KD,734310821.044753
St. Vincent and the Grenadines,VCT,"Population, total",SP.POP.TOTL,109959
Sudan,SDN,Carbon dioxide (CO2) emissions (total) excluding LULUCF (Mt CO2e),EN.GHG.CO2.MT.CE.AR5,16.9129
Sudan,SDN,GDP (constant 2015 US$),NY.GDP.MKTP.KD,59215296613.7581
Sudan,SDN,"Population, total",SP.POP.TOTL,35414399
Suriname,SUR,Carbon dioxide (CO2) emissions (total) excluding LULUCF (Mt CO2e),EN.GHG.CO2.MT.CE.AR5,1.7497
Suriname,SUR,GDP (constant 2015 US$),NY.GDP.MKTP.KD,4731486826.19641
Suriname,SUR,"Population, total",SP.POP.TOTL,549923
Sweden,SWE,Carbon dioxide (CO2) emissions (total) excluding LULUCF (Mt CO2e),EN.GHG.CO2.MT.CE.AR5,52.8835
Sweden,SWE,GDP (constant 2015 US$),NY.GDP.MKTP.KD,452077714777.655
Sweden,SWE,"Population, total",SP.POP.TOTL,9378126
Switzerland,CHE,Carbon dioxide (CO2) emissions (total) excluding LULUCF (Mt CO2e),EN.GHG.CO2.MT.CE.AR5,46.3246
Switzerland,CHE,GDP (constant 2015 US$),NY.GDP.MKTP.KD,636285783946.788
Switzerland,CHE,"Population, total",SP.POP.TOTL,7824909
Syrian Arab Republic,SYR,Carbon dioxide (CO2) emissions (total) excluding LULUCF (Mt CO2e),EN.GHG.CO2.MT.CE.AR5,62.6918
Syrian Arab Republic,SYR,GDP (constant 2015 US$),NY.GDP.MKTP.KD,34316469200.952
Syrian Arab Republic,SYR,"Population, total",SP.POP.TOTL,22482421
Tajikistan,TJK,Carbon dioxide (CO2) emissions (total) excluding LULUCF (Mt CO2e),EN.GHG.CO2.MT.CE.AR5,3.071
Tajikistan,TJK,GDP (constant 2015 US$),NY.GDP.MKTP.KD,5896771269.65215
Tajikistan,TJK,"Population, total",SP.POP.TOTL,7652141
Tanzania,TZA,Carbon dioxide (CO2) emissions (total) excluding LULUCF (Mt CO2e),EN.GHG.CO2.MT.CE.AR5,7.3333
Tanzania,TZA,GDP (constant 2015 US$),NY.GDP.MKTP.KD,34828049320.6343
Tanzania,TZA,"Population, total",SP.POP.TOTL,44758488
Thailand,THA,Carbon dioxide (CO2) emissions (total) excluding LULUCF (Mt CO2e),EN.GHG.CO2.MT.CE.AR5,246.3596
Thailand,THA,GDP (constant 2015 US$),NY.GDP.MKTP.KD,346967938038.265
Thailand,THA,"Population, total",SP.POP.TOTL,68579447
Timor-Leste,TLS,Carbon dioxide (CO2) emissions (total) excluding LULUCF (Mt CO2e),EN.GHG.CO2.MT.CE.AR5,0.3344
Timor-Leste,TLS,GDP (constant 2015 US$),NY.GDP.MKTP.KD,1296604299.77159
Timor-Leste,TLS,"Population, total",SP.POP.TOTL,1084679
Togo,TGO,Carbon dioxide (CO2) emissions (total) excluding LULUCF (Mt CO2e),EN.GHG.CO2.MT.CE.AR5,2.525
Togo,TGO,GDP (constant 2015 US$),NY.GDP.MKTP.KD,4339580301.80856
Togo,TGO,"Population, total",SP.POP.TOTL,6732590
Tonga,TON,Carbon dioxide (CO2) emissions (total) excluding LULUCF (Mt CO2e),EN.GHG.CO2.MT.CE.AR5,0.1262
Tonga,TON,GDP (constant 2015 US$),NY.GDP.MKTP.KD,392437239.050283
Tonga,TON,"Population, total",SP.POP.TOTL,107400
Trinidad and Tobago,TTO,Carbon dioxide (CO2) emissions (total) excluding LULUCF (Mt CO2e),EN.GHG.CO2.MT.CE.AR5,41.0228
Trinidad and Tobago,TTO,GDP (constant 2015 US$),NY.GDP.MKTP.KD,23637278843.6027
Trinidad and Tobago,TTO,"Population, total",SP.POP.TOTL,1317714
Tunisia,TUN,Carbon dioxide (CO2) emissions (total) excluding LULUCF (Mt CO2e),EN.GHG.CO2.MT.CE.AR5,27.731
Tunisia,TUN,GDP (constant 2015 US$),NY.GDP.MKTP.KD,42061674642.7812
Tunisia,TUN,"Population, total",SP.POP.TOTL,10765980
Turkiye,TUR,Carbon dioxide (CO2) emissions (total) excluding LULUCF (Mt CO2e),EN.GHG.CO2.MT.CE.AR5,312.1721
Turkiye,TUR,GDP (constant 2015 US$),NY.GDP.MKTP.KD,619702577582.152
Turkiye,TUR,"Population, total",SP.POP.TOTL,73142150
Turkmenistan,TKM,Carbon dioxide (CO2) emissions (total) excluding LULUCF (Mt CO2e),EN.GHG.CO2.MT.CE.AR5,61.6532
Turkmenistan,TKM,GDP (constant 2015 US$),NY.GDP.MKTP.KD,21701780648.8816
Turkmenistan,TKM,"Population, total",SP.POP.TOTL,5564356
Turks and Caicos Islands,TCA,Carbon dioxide (CO2) emissions (total) excluding LULUCF (Mt CO2e),EN.GHG.CO2.MT.CE.AR5,0.0733
Turks and Caicos Islands,TCA,GDP (constant 2015 US$),NY.GDP.MKTP.KD,865757988.836841
Turks and Caicos Islands,TCA,"Population, total",SP.POP.TOTL,29739
Tuvalu,TUV,Carbon dioxide (CO2) emissions (total) excluding LULUCF (Mt CO2e),EN.GHG.CO2.MT.CE.AR5,0
Tuvalu,TUV,GDP (constant 2015 US$),NY.GDP.MKTP.KD,30560852.5967582
Tuvalu,TUV,"Population, total",SP.POP.TOTL,10614
Uganda,UGA,Carbon dioxide (CO2) emissions (total) excluding LULUCF (Mt CO2e),EN.GHG.CO2.MT.CE.AR5,3.7998
Uganda,UGA,GDP (constant 2015 US$),NY.GDP.MKTP.KD,24896350765.3932
Uganda,UGA,"Population, total",SP.POP.TOTL,32390802
Ukraine,UKR,Carbon dioxide (CO2) emissions (total) excluding LULUCF (Mt CO2e),EN.GHG.CO2.MT.CE.AR5,315.9087
Ukraine,UKR,GDP (constant 2015 US$),NY.GDP.MKTP.KD,106195352549.996
Ukraine,UKR,"Population, total",SP.POP.TOTL,46456003
United Arab Emirates,ARE,Carbon dioxide (CO2) emissions (total) excluding LULUCF (Mt CO2e),EN.GHG.CO2.MT.CE.AR5,171.9529
United Arab Emirates,ARE,GDP (constant 2015 US$),NY.GDP.MKTP.KD,290792347835.845
United Arab Emirates,ARE,"Population, total",SP.POP.TOTL,6869838
United Kingdom,GBR,Carbon dioxide (CO2) emissions (total) excluding LULUCF (Mt CO2e),EN.GHG.CO2.MT.CE.AR5,500.7484
United Kingdom,GBR,GDP (constant 2015 US$),NY.GDP.MKTP.KD,2684060544650.54
United Kingdom,GBR,"Population, total",SP.POP.TOTL,62766365
United States,USA,Carbon dioxide (CO2) emissions (total) excluding LULUCF (Mt CO2e),EN.GHG.CO2.MT.CE.AR5,5521.4993
United States,USA,GDP (constant 2015 US$),NY.GDP.MKTP.KD,16259610790677
United States,USA,"Population, total",SP.POP.TOTL,309378227
Uruguay,URY,Carbon dioxide (CO2) emissions (total) excluding LULUCF (Mt CO2e),EN.GHG.CO2.MT.CE.AR5,6.4579
Uruguay,URY,GDP (constant 2015 US$),NY.GDP.MKTP.KD,48857389210.184
Uruguay,URY,"Population, total",SP.POP.TOTL,3318580
Uzbekistan,UZB,Carbon dioxide (CO2) emissions (total) excluding LULUCF (Mt CO2e),EN.GHG.CO2.MT.CE.AR5,135.8014
Uzbekistan,UZB,GDP (constant 2015 US$),NY.GDP.MKTP.KD,60876691748.3487
Uzbekistan,UZB,"Population, total",SP.POP.TOTL,28385506
Vanuatu,VUT,Carbon dioxide (CO2) emissions (total) excluding LULUCF (Mt CO2e),EN.GHG.CO2.MT.CE.AR5,0.1549
Vanuatu,VUT,GDP (constant 2015 US$),NY.GDP.MKTP.KD,680620638.703336
Vanuatu,VUT,"Population, total",SP.POP.TOTL,238248
"Venezuela, RB",VEN,Carbon dioxide (CO2) emissions (total) excluding LULUCF (Mt CO2e),EN.GHG.CO2.MT.CE.AR5,176.795
"Venezuela, RB",VEN,GDP (constant 2015 US$),NY.GDP.MKTP.KD,124819126240.736
"Venezuela, RB",VEN,"Population, total",SP.POP.TOTL,28813101
Viet Nam,VNM,Carbon dioxide (CO2) emissions (total) excluding LULUCF (Mt CO2e),EN.GHG.CO2.MT.CE.AR5,156.7839
Viet Nam,VNM,GDP (constant 2015 US$),NY.GDP.MKTP.KD,177322478338.404
Viet Nam,VNM,"Population, total",SP.POP.TOTL,87455152
Virgin Islands (U.S.),VIR,Carbon dioxide (CO2) emissions (total) excluding LULUCF (Mt CO2e),EN.GHG.CO2.MT.CE.AR5,0.0002
Virgin Islands (U.S.),VIR,GDP (constant 2015 US$),NY.GDP.MKTP.KD,5110412753.46852
Virgin Islands (U.S.),VIR,"Population, total",SP.POP.TOTL,108357
West Bank and Gaza,PSE,Carbon dioxide (CO2) emissions (total) excluding LULUCF (Mt CO2e),EN.GHG.CO2.MT.CE.AR5,..
West Bank and Gaza,PSE,GDP (constant 2015 US$),NY.GDP.MKTP.KD,11082400000
West Bank and Gaza,PSE,"Population, total",SP.POP.TOTL,3786161
"Yemen, Rep.",YEM,Carbon dioxide (CO2) emissions (total) excluding LULUCF (Mt CO2e),EN.GHG.CO2.MT.CE.AR5,26.3447
"Yemen, Rep.",YEM,GDP (constant 2015 US$),NY.GDP.MKTP.KD,63038676060.5744
"Yemen, Rep.",YEM,"Population, total",SP.POP.TOTL,26754387
Zambia,ZMB,Carbon dioxide (CO2) emissions (total) excluding LULUCF (Mt CO2e),EN.GHG.CO2.MT.CE.AR5,3.2126
Zambia,ZMB,GDP (constant 2015 US$),NY.GDP.MKTP.KD,16527123087.7163
Zambia,ZMB,"Population, total",SP.POP.TOTL,13965594
Zimbabwe,ZWE,Carbon dioxide (CO2) emissions (total) excluding LULUCF (Mt CO2e),EN.GHG.CO2.MT.CE.AR5,10.0686
Zimbabwe,ZWE,GDP (constant 2015 US$),NY.GDP.MKTP.KD,14107304144.8004
Zimbabwe,ZWE,"Population, total",SP.POP.TOTL,13356548
,,,,
,,,,
,,,,
Data from database: World Development Indicators,,,,
Last Updated: 02/24/2026,,,,
